{"licenses":[{"name":"","id":0,"url":""}],"info":{"contributor":"","date_created":"","description":"","url":"","version":"","year":""},"categories":[{"id":1,"name":"Duckiebot","supercategory":""},{"id":2,"name":"Duckie","supercategory":""},{"id":3,"name":"Cone","supercategory":""}],"images":[{"id":1,"width":640,"height":480,"file_name":"img_1569225723.195207118.png","license":0,"flickr_url":"","coco_url":"","date_captured":0}],"annotations":[{"id":1,"image_id":1,"category_id":1,"segmentation":[],"area":2663.693999999999,"bbox":[207.13,140.32,61.15,43.56],"iscrowd":0,"attributes":{"occluded":false,"rotation":0.0}},{"id":2,"image_id":1,"category_id":2,"segmentation":[],"area":2415.2100000000014,"bbox":[82.31,216.97,46.5,51.94],"iscrowd":0,"attributes":{"occluded":false,"rotation":0.0}},{"id":3,"image_id":1,"category_id":2,"segmentation":[],"area":1662.6155999999992,"bbox":[171.11,198.96,43.14,38.54],"iscrowd":0,"attributes":{"occluded":false,"rotation":0.0}},{"id":4,"image_id":1,"category_id":2,"segmentation":[],"area":673.7353000000007,"bbox":[167.76,179.7,26.81,25.13],"iscrowd":0,"attributes":{"occluded":false,"rotation":0.0}},{"id":5,"image_id":1,"category_id":2,"segmentation":[],"area":871.6794000000003,"bbox":[34.57,199.38,29.31,29.74],"iscrowd":0,"attributes":{"occluded":false,"rotation":0.0}},{"id":6,"image_id":1,"category_id":2,"segmentation":[],"area":752.9094999999999,"bbox":[122.94,187.65,27.23,27.65],"iscrowd":0,"attributes":{"occluded":false,"rotation":0.0}}]}