{"licenses":[{"name":"","id":0,"url":""}],"info":{"contributor":"","date_created":"","description":"","url":"","version":"","year":""},"categories":[{"id":1,"name":"duck","supercategory":""}],"images":[{"id":1,"width":640,"height":480,"file_name":"0DK_0RB_0CN_18-42.jpg","license":0,"flickr_url":"","coco_url":"","date_captured":0}],"annotations":[{"id":1,"image_id":1,"category_id":1,"segmentation":[],"area":588.1072999999999,"bbox":[498.76,158.34,22.37,26.29],"iscrowd":0,"attributes":{"occluded":false,"rotation":0.0}}]}